policy,condition,seed,score,height,landings,springs,fragile_used,death_reason,last_event,steps,frames,episode_return,mode,terminated,truncated
random,native,61000,0,0.0,1,0,0,fall,,51,202,-1.051,original,True,False
random,native,61001,0,0.0,7,0,0,fall,,190,757,-1.19,original,True,False
random,native,61002,868,138.9127385570207,6,1,0,blackhole,,166,663,7.514000000000012,original,True,False
random,native,61003,890,0.0,2,0,0,fall,,66,261,7.834000000000014,original,True,False
random,native,61004,606,0.0,0,1,0,fall,,64,254,4.995999999999992,original,True,False
random,native,61005,817,39.01464701318832,0,1,0,fall,,60,240,7.110000000000015,original,True,False
random,native,61006,380,0.0,1,0,0,fall,,47,187,2.7530000000000032,original,True,False
random,native,61007,1250,236.2566175329713,2,2,0,fall,,140,560,11.360000000000063,original,True,False
random,native,61008,0,0.0,3,0,0,fall,,98,391,-1.0979999999999999,original,True,False
random,native,61009,758,133.50699767261415,0,1,0,blackhole,,26,102,6.554,original,True,False
random,native,61010,0,0.0,1,0,0,fall,,51,202,-1.051,original,True,False
random,native,61011,527,0.0,5,0,0,fall,,141,563,4.128999999999962,original,True,False
random,native,61012,430,0.0,4,0,0,fall,,118,469,3.1819999999999786,original,True,False
random,native,61013,527,0.0,4,0,0,fall,,118,469,4.151999999999969,original,True,False
random,native,61014,0,0.0,0,0,0,fall,,27,108,-1.027,original,True,False
random,native,61015,0,0.0,0,0,0,fall,,27,108,-1.027,original,True,False
random,native,61016,430,0.0,6,0,0,fall,,162,647,3.137999999999964,original,True,False
random,native,61017,380,0.0,3,0,0,fall,,94,376,2.7060000000000084,original,True,False
random,native,61018,417,0.0,1,0,0,fall,,47,187,3.122999999999992,original,True,False
random,native,61019,0,0.0,4,0,0,fall,,119,474,-1.119,original,True,False
random,native,61020,0,0.0,0,0,0,fall,,27,108,-1.027,original,True,False
random,native,61021,0,0.0,0,0,0,fall,,27,108,-1.027,original,True,False
random,native,61022,890,0.0,3,0,0,fall,,89,355,7.811000000000027,original,True,False
random,native,61023,780,39.01464701318832,2,1,0,fall,,107,428,6.6929999999999765,original,True,False
random,native,61024,0,0.0,8,0,0,fall,,216,862,-1.216,original,True,False
random,native,61025,0,0.0,3,0,0,fall,,98,391,-1.0979999999999999,original,True,False
random,native,61026,0,0.0,0,0,0,fall,,27,108,-1.027,original,True,False
random,native,61027,0,0.0,4,0,0,fall,,120,479,-1.1199999999999999,original,True,False
random,native,61028,0,0.0,1,0,0,fall,,51,202,-1.051,original,True,False
random,native,61029,0,0.0,5,0,0,fall,,144,573,-1.144,original,True,False
random,native,61030,810,0.0,14,0,0,fall,,341,1362,6.758999999999938,original,True,False
random,native,61031,810,0.0,7,0,0,fall,,182,727,6.918000000000008,original,True,False
random,native,61032,0,0.0,6,0,0,fall,,169,674,-1.169,original,True,False
random,native,61033,0,0.0,5,0,0,fall,,144,573,-1.144,original,True,False
random,native,61034,1368,236.2566175329713,1,1,0,fall,,74,295,12.606000000000014,original,True,False
random,native,61035,0,0.0,0,0,0,fall,,27,108,-1.027,original,True,False
random,native,61036,0,0.0,2,0,0,fall,,74,296,-1.0739999999999998,original,True,False
random,native,61037,0,0.0,2,0,0,fall,,74,296,-1.0739999999999998,original,True,False
random,native,61038,710,39.01464701318832,2,1,0,fall,,105,420,5.994999999999992,original,True,False
random,native,61039,0,0.0,3,0,0,fall,,98,391,-1.0979999999999999,original,True,False
random,native,61040,0,0.0,3,0,0,fall,,98,391,-1.0979999999999999,original,True,False
random,native,61041,0,0.0,0,0,0,fall,,27,108,-1.027,original,True,False
random,native,61042,0,0.0,0,0,0,fall,,27,108,-1.027,original,True,False
random,native,61043,0,0.0,2,0,0,fall,,74,296,-1.0739999999999998,original,True,False
random,native,61044,0,0.0,8,0,0,fall,,214,856,-1.214,original,True,False
random,native,61045,0,0.0,0,0,0,fall,,27,108,-1.027,original,True,False
random,native,61046,0,0.0,3,0,0,fall,,98,391,-1.0979999999999999,original,True,False
random,native,61047,494,0.0,5,1,0,fall,,184,733,3.7559999999999767,original,True,False
random,native,61048,0,0.0,6,0,0,fall,,166,663,-1.166,original,True,False
random,native,61049,0,0.0,1,0,0,fall,,51,202,-1.051,original,True,False
random,native,61050,850,0.0,11,0,0,fall,,276,1104,7.224000000000119,original,True,False
random,native,61051,0,0.0,1,0,0,fall,,51,202,-1.051,original,True,False
random,native,61052,0,0.0,0,0,0,fall,,27,108,-1.027,original,True,False
random,native,61053,390,0.0,2,1,0,fall,,111,442,2.7890000000000033,original,True,False
random,native,61054,417,0.0,1,0,0,fall,,47,187,3.122999999999992,original,True,False
random,native,61055,0,0.0,3,0,0,fall,,98,391,-1.0979999999999999,original,True,False
random,native,61056,380,0.0,1,0,0,fall,,47,187,2.7530000000000032,original,True,False
random,native,61057,0,0.0,0,0,0,fall,,27,108,-1.027,original,True,False
random,native,61058,428,0.0,3,0,0,fall,,94,373,3.1859999999999915,original,True,False
random,native,61059,0,0.0,0,0,0,fall,,27,108,-1.027,original,True,False
random,native,61060,527,0.0,8,0,0,fall,,209,834,4.0609999999999395,original,True,False
random,native,61061,0,0.0,0,0,0,fall,,27,108,-1.027,original,True,False
random,native,61062,390,0.0,4,0,0,fall,,117,467,2.783000000000003,original,True,False
random,native,61063,430,0.0,2,0,0,fall,,71,281,3.2289999999999943,original,True,False
random,native,61064,0,0.0,2,0,0,fall,,75,297,-1.075,original,True,False
random,native,61065,0,0.0,0,0,0,fall,,27,108,-1.027,original,True,False
random,native,61066,0,0.0,3,1,0,fall,,141,562,-1.141,original,True,False
random,native,61067,0,0.0,1,0,0,fall,,51,202,-1.051,original,True,False
random,native,61068,0,0.0,2,0,0,fall,,74,296,-1.0739999999999998,original,True,False
random,native,61069,0,0.0,1,0,0,fall,,51,202,-1.051,original,True,False
random,native,61070,417,0.0,1,0,0,fall,,47,187,3.122999999999992,original,True,False
random,native,61071,0,0.0,0,0,0,fall,,27,108,-1.027,original,True,False
random,native,61072,810,0.0,2,0,0,fall,,66,261,7.034000000000017,original,True,False
random,native,61073,1630,133.97324282389542,6,0,0,fall,,151,602,15.148999999999939,original,True,False
random,native,61074,0,0.0,6,0,0,fall,,167,668,-1.167,original,True,False
random,native,61075,0,0.0,0,0,0,fall,,27,108,-1.027,original,True,False
random,native,61076,472,0.0,2,0,0,fall,,71,281,3.6489999999999845,original,True,False
random,native,61077,0,0.0,1,0,0,fall,,51,202,-1.051,original,True,False
random,native,61078,380,0.0,4,0,0,fall,,116,464,2.684000000000011,original,True,False
random,native,61079,0,0.0,0,0,0,fall,,27,108,-1.027,original,True,False
random,native,61080,887,0.0,2,1,0,fall,,110,439,7.760000000000009,original,True,False
random,native,61081,0,0.0,1,0,0,fall,,51,202,-1.051,original,True,False
random,native,61082,472,0.0,2,0,0,fall,,71,281,3.6489999999999845,original,True,False
random,native,61083,0,0.0,2,0,0,fall,,73,291,-1.073,original,True,False
random,native,61084,380,0.0,2,0,0,fall,,71,281,2.729000000000006,original,True,False
random,native,61085,0,0.0,0,0,0,fall,,27,108,-1.027,original,True,False
random,native,61086,0,0.0,0,0,0,fall,,27,108,-1.027,original,True,False
random,native,61087,0,0.0,0,0,0,fall,,27,108,-1.027,original,True,False
random,native,61088,0,0.0,3,0,0,fall,,98,391,-1.0979999999999999,original,True,False
random,native,61089,0,0.0,0,0,0,fall,,27,108,-1.027,original,True,False
random,native,61090,0,0.0,0,0,0,fall,,27,108,-1.027,original,True,False
random,native,61091,0,0.0,0,0,0,fall,,27,108,-1.027,original,True,False
random,native,61092,0,0.0,3,0,0,fall,,97,385,-1.097,original,True,False
random,native,61093,470,0.0,12,0,0,fall,,303,1212,3.396999999999918,original,True,False
random,native,61094,0,0.0,1,0,0,fall,,51,202,-1.051,original,True,False
random,native,61095,0,0.0,1,0,0,fall,,51,202,-1.051,original,True,False
random,native,61096,0,0.0,1,0,0,fall,,51,202,-1.051,original,True,False
random,native,61097,2375,431.6403646237391,7,3,1,fall,,293,1170,22.456999999999738,original,True,False
random,native,61098,0,0.0,0,0,0,fall,,27,108,-1.027,original,True,False
random,native,61099,0,0.0,5,0,0,fall,,144,574,-1.144,original,True,False
rule,native,61000,43453,8776.746097750263,67,7,9,blackhole,,1444,5775,432.08600000000746,original,True,False
rule,native,61001,43410,8291.1821799846,74,4,6,,,1500,6000,432.60000000000394,original,False,True
rule,native,61002,44081,9087.69782777352,70,7,8,,,1500,6000,439.3100000000055,original,False,True
rule,native,61003,28627,6570.967315748701,43,7,0,blackhole,,992,3965,284.27800000000065,original,True,False
rule,native,61004,15704,3494.7088363072226,20,5,1,blackhole,,514,2053,155.52599999999958,original,True,False
rule,native,61005,46439,8408.527300232838,72,5,4,,,1500,6000,462.8900000000075,original,False,True
rule,native,61006,44597,9659.037339022563,67,9,4,,,1500,6000,444.47000000000554,original,False,True
rule,native,61007,46777,9180.338712180042,70,7,8,,,1500,6000,466.270000000008,original,False,True
rule,native,61008,44640,8527.879301784404,73,5,2,,,1500,6000,444.90000000000737,original,False,True
rule,native,61009,15678,3398.2298758727848,23,4,4,blackhole,,544,2174,155.23599999999962,original,True,False
rule,native,61010,31129,6678.210457719225,53,5,3,blackhole,,1131,4521,309.1590000000014,original,True,False
rule,native,61011,41428,8700.748138091576,66,7,3,blackhole,,1418,5672,411.8620000000054,original,True,False
rule,native,61012,1728,137.8788906128791,4,0,0,blackhole,,76,301,16.204000000000008,original,True,False
rule,native,61013,33680,6773.696113266142,53,5,2,blackhole,,1122,4487,334.6780000000008,original,True,False
rule,native,61014,13772,3596.897610550825,17,6,1,blackhole,,485,1940,136.23499999999873,original,True,False
rule,native,61015,1618,128.32424359969048,5,0,0,blackhole,,96,384,15.08400000000001,original,True,False
rule,native,61016,12715,2436.562086889067,20,2,0,blackhole,,429,1713,125.7209999999996,original,True,False
rule,native,61017,46179,8880.664709076853,72,6,6,,jump,1500,6000,460.29000000000474,original,False,True
rule,native,61018,45267,9530.90776570987,67,9,3,,,1500,6000,451.17000000000746,original,False,True
rule,native,61019,44969,8415.656121024153,74,4,5,,,1500,6000,448.19000000000733,original,False,True
rule,native,61020,29755,5712.211318851881,52,3,2,blackhole,,1064,4256,295.4860000000013,original,True,False
rule,native,61021,43420,9182.582094647065,68,8,1,,,1500,6000,432.7000000000084,original,False,True
rule,native,61022,31356,6473.042319627672,54,4,5,blackhole,,1116,4462,311.44400000000087,original,True,False
rule,native,61023,28671,5419.537750193992,47,3,2,blackhole,,958,3832,284.7520000000005,original,True,False
rule,native,61024,26767,4747.191970519827,45,2,3,blackhole,,902,3608,265.7679999999998,original,True,False
rule,native,61025,18449,3530.9746004654976,34,2,4,blackhole,,685,2738,182.80499999999904,original,True,False
rule,native,61026,25034,5509.955523661783,41,5,3,blackhole,,908,3630,248.43199999999993,original,True,False
rule,native,61027,25806,5523.665833979872,41,5,0,blackhole,,905,3618,256.1549999999991,original,True,False
rule,native,61028,29534,6494.949084561727,44,7,1,blackhole,,1000,3997,293.34000000000117,original,True,False
rule,native,61029,37358,7630.397928626883,58,6,7,blackhole,,1247,4988,371.3330000000028,original,True,False
rule,native,61030,45169,9355.363087664871,69,8,0,,,1500,6000,450.1900000000095,original,False,True
rule,native,61031,33567,6698.867145073737,53,5,1,blackhole,,1122,4486,333.54800000000125,original,True,False
rule,native,61032,1460,236.2566175329713,2,1,0,blackhole,,61,242,13.539000000000003,original,True,False
rule,native,61033,46741,10126.573110938747,65,11,1,,jump,1500,6000,465.9100000000115,original,False,True
rule,native,61034,7434,1285.2338789759526,14,1,0,blackhole,,293,1170,73.04699999999991,original,True,False
rule,native,61035,17891,3402.338238944934,34,3,1,blackhole,,750,2999,177.15999999999903,original,True,False
rule,native,61036,13524,2441.19075252134,24,1,0,blackhole,,476,1902,133.76399999999953,original,True,False
rule,native,61037,41798,8795.254003103226,71,7,3,,spring,1500,6000,416.4800000000051,original,False,True
rule,native,61038,44787,9435.692397207189,69,8,3,,,1500,6000,446.3700000000074,original,False,True
rule,native,61039,1060,141.60885182311898,2,1,0,blackhole,,51,202,9.54900000000001,original,True,False
rule,native,61040,39636,7735.046314972919,63,5,4,blackhole,,1312,5246,394.04800000000404,original,True,False
rule,native,61041,41342,9657.983219550051,65,10,0,,,1500,6000,411.92000000000604,original,False,True
rule,native,61042,7662,1483.083995345231,10,3,0,blackhole,spring,246,984,75.37399999999991,original,True,False
rule,native,61043,28964,6482.867253685054,43,7,1,blackhole,,999,3993,287.6409999999998,original,True,False
rule,native,61044,44865,9323.888161365425,69,8,7,,,1500,6000,447.150000000008,original,False,True
rule,native,61045,5634,905.1427230411198,66,0,0,,,1500,6000,54.84000000000299,original,False,True
rule,native,61046,1589,127.24985259891474,4,0,0,blackhole,,73,290,14.817000000000007,original,True,False
rule,native,61047,16403,3524.785027152846,23,5,3,blackhole,,553,2210,162.4769999999992,original,True,False
rule,native,61048,9356,1574.6977889837103,16,1,2,blackhole,,330,1320,92.22999999999979,original,True,False
rule,native,61049,24892,5433.761605896084,44,4,1,blackhole,,925,3698,246.9949999999998,original,True,False
rule,native,61050,19571,3530.7516136540203,40,0,1,blackhole,,745,2979,193.9649999999998,original,True,False
rule,native,61051,37145,8692.044895267703,53,10,2,blackhole,,1257,5028,369.1930000000028,original,True,False
rule,native,61052,43012,8685.34177657109,73,5,5,,,1500,6000,428.62000000000614,original,False,True
rule,native,61053,4205,1192.3902792862684,4,3,0,blackhole,,160,638,40.89000000000002,original,True,False
rule,native,61054,42587,8687.585159038015,66,8,3,blackhole,,1474,5896,423.39600000000604,original,True,False
rule,native,61055,15034,3207.312622187757,24,3,3,blackhole,,532,2128,148.80799999999945,original,True,False
rule,native,61056,20325,4751.597649340577,24,7,2,blackhole,,634,2533,201.61599999999987,original,True,False
rule,native,61057,40980,7916.746780450037,73,3,6,blackhole,,1449,5796,407.3510000000052,original,True,False
rule,native,61058,33281,6574.494561675771,56,4,5,blackhole,,1165,4660,330.6450000000028,original,True,False
rule,native,61059,10670,2193.452404965096,18,2,1,blackhole,,386,1543,105.31399999999971,original,True,False
rule,native,61060,48949,8783.624903025637,71,6,7,,,1500,6000,487.9900000000077,original,False,True
rule,native,61061,18961,3506.3649650892344,68,2,1,,,1500,6000,188.10999999999544,original,False,True
rule,native,61062,42702,9252.97159813809,68,8,2,,,1500,6000,425.5200000000067,original,False,True
rule,native,61063,34601,6676.494134988454,56,4,3,blackhole,,1156,4623,343.854000000004,original,True,False
rule,native,61064,7672,1293.4235764158295,16,1,2,blackhole,spring,307,1228,75.41299999999994,original,True,False
rule,native,61065,15152,3412.960519782789,24,4,1,blackhole,,553,2210,149.96699999999964,original,True,False
rule,native,61066,45313,10036.520224980603,64,11,2,,,1500,6000,451.6300000000094,original,False,True
rule,native,61067,44301,9180.10221101632,68,8,4,,,1500,6000,441.5100000000083,original,False,True
rule,native,61068,43707,7793.1174864236855,77,2,8,,,1500,6000,435.57000000000716,original,False,True
rule,native,61069,32569,6799.244996121093,55,5,0,blackhole,,1160,4639,323.5300000000015,original,True,False
rule,native,61070,44725,9092.130535298744,70,7,3,,,1500,6000,445.75000000000887,original,False,True
rule,native,61071,39958,7728.654026377115,71,3,1,blackhole,,1410,5637,397.1700000000052,original,True,False
rule,native,61072,43483,8422.474111714575,74,4,7,,,1500,6000,433.33000000000845,original,False,True
rule,native,61073,35082,7626.235508145899,54,7,4,blackhole,,1197,4785,348.6230000000039,original,True,False
rule,native,61074,36192,8359.476958882875,65,9,3,,,1500,6000,360.42000000000877,original,False,True
rule,native,61075,1570,135.52739332816225,4,0,0,blackhole,,75,297,14.625000000000027,original,True,False
rule,native,61076,45496,9647.00280837862,67,9,2,,,1500,6000,453.46000000000464,original,False,True
rule,native,61077,43778,8665.320263770469,73,5,4,,,1500,6000,436.2800000000061,original,False,True
rule,native,61078,43777,8678.307556245221,73,5,6,,,1500,6000,436.27000000000646,original,False,True
rule,native,61079,28921,6667.750349107863,43,8,2,blackhole,,1031,4124,287.1790000000011,original,True,False
rule,native,61080,44598,9396.460232738578,69,8,2,,,1500,6000,444.4800000000111,original,False,True
rule,native,61081,23203,4462.485112490341,37,4,2,blackhole,,790,3157,230.23999999999896,original,True,False
rule,native,61082,45615,9884.355376260653,66,10,1,,,1500,6000,454.65000000000725,original,False,True
rule,native,61083,39012,8020.435647789029,66,8,0,,,1500,6000,388.62000000000546,original,False,True
rule,native,61084,33891,6378.8270131885765,57,3,5,blackhole,,1150,4599,336.7600000000045,original,True,False
rule,native,61085,42883,8798.882606671903,71,6,5,,,1500,6000,427.33000000000476,original,False,True
rule,native,61086,34841,7661.217408844121,51,9,5,blackhole,,1194,4775,346.2160000000034,original,True,False
rule,native,61087,3696,423.3425523661769,8,0,1,blackhole,,155,617,35.80499999999996,original,True,False
rule,native,61088,1520,130.15543832428324,4,0,0,blackhole,,73,292,14.127000000000024,original,True,False
rule,native,61089,41560,8579.760899922481,71,6,3,,,1500,6000,414.10000000000724,original,False,True
rule,native,61090,5450,1209.3778200155164,6,3,0,blackhole,,178,709,53.321999999999946,original,True,False
rule,native,61091,45367,9948.967494181516,66,10,3,,,1500,6000,452.1700000000071,original,False,True
rule,native,61092,20047,4366.594026377071,33,4,0,blackhole,,729,2914,198.74099999999905,original,True,False
rule,native,61093,36656,7078.289340574139,53,6,5,blackhole,,1146,4582,364.4140000000029,original,True,False
rule,native,61094,47799,9937.216764934046,66,10,5,,,1500,6000,476.4900000000072,original,False,True
rule,native,61095,43965,9857.995632273056,66,10,4,,,1500,6000,438.1500000000079,original,False,True
rule,native,61096,10237,1873.8582467028734,66,1,0,,,1500,6000,100.8699999999945,original,False,True
rule,native,61097,33787,6861.512373933347,51,6,3,blackhole,,1104,4413,335.7660000000035,original,True,False
rule,native,61098,16972,3496.1278432893887,29,3,4,blackhole,,635,2539,168.08499999999975,original,True,False
rule,native,61099,25949,4764.929557796789,70,2,3,,,1500,6000,257.99000000001377,original,False,True
random,desktop,62000,0,0.0,1,0,0,fall,,53,210,-1.053,original,True,False
random,desktop,62001,0,0.0,0,0,0,fall,,29,116,-1.029,original,True,False
random,desktop,62002,0,0.0,0,0,0,fall,,29,116,-1.029,original,True,False
random,desktop,62003,0,0.0,3,0,0,fall,,100,399,-1.0999999999999999,original,True,False
random,desktop,62004,480,0.0,2,0,0,fall,,69,274,3.7309999999999834,original,True,False
random,desktop,62005,480,0.0,2,0,0,fall,,69,274,3.7309999999999834,original,True,False
random,desktop,62006,870,277.5385570209452,0,1,0,fall,,52,208,7.648000000000016,original,True,False
random,desktop,62007,737,0.0,2,0,0,fall,,70,280,6.299999999999992,original,True,False
random,desktop,62008,3609,1104.9717610550779,4,4,0,fall,,251,1002,34.83900000000008,original,True,False
random,desktop,62009,867,49.535764158261344,1,1,0,fall,,88,349,7.5820000000000185,original,True,False
random,desktop,62010,0,0.0,0,0,0,fall,,29,116,-1.029,original,True,False
random,desktop,62011,270,0.0,2,0,0,fall,,75,300,1.6250000000000058,original,True,False
random,desktop,62012,0,0.0,0,0,0,fall,,29,116,-1.029,original,True,False
random,desktop,62013,0,0.0,8,0,0,fall,,218,870,-1.218,original,True,False
random,desktop,62014,0,0.0,1,0,0,fall,,53,210,-1.053,original,True,False
random,desktop,62015,1515,170.99581070597392,6,0,0,fall,,154,613,13.996000000000047,original,True,False
random,desktop,62016,963,52.39751745539198,3,0,0,fall,,88,349,8.542000000000026,original,True,False
random,desktop,62017,0,0.0,0,0,0,fall,,29,116,-1.029,original,True,False
random,desktop,62018,0,0.0,4,0,0,fall,,122,487,-1.1219999999999999,original,True,False
random,desktop,62019,480,0.0,3,0,0,fall,,91,363,3.708999999999976,original,True,False
random,desktop,62020,501,0.0,2,0,0,fall,,69,274,3.9409999999999825,original,True,False
random,desktop,62021,0,0.0,0,0,0,fall,,29,116,-1.029,original,True,False
random,desktop,62022,0,0.0,3,0,0,fall,,99,393,-1.099,original,True,False
random,desktop,62023,0,0.0,2,0,0,fall,,77,305,-1.077,original,True,False
random,desktop,62024,480,0.0,3,0,0,fall,,92,368,3.7079999999999758,original,True,False
random,desktop,62025,0,0.0,0,0,0,fall,,29,116,-1.029,original,True,False
random,desktop,62026,0,0.0,1,0,0,fall,,53,210,-1.053,original,True,False
random,desktop,62027,0,0.0,0,0,0,fall,,29,116,-1.029,original,True,False
random,desktop,62028,0,0.0,1,0,0,fall,,53,210,-1.053,original,True,False
random,desktop,62029,890,46.87959658650138,5,0,0,fall,,135,537,7.765000000000034,original,True,False
random,desktop,62030,0,0.0,0,0,0,fall,,29,116,-1.029,original,True,False
random,desktop,62031,252,0.0,6,0,0,fall,,167,666,1.3530000000000109,original,True,False
random,desktop,62032,0,0.0,1,0,0,fall,,53,210,-1.053,original,True,False
random,desktop,62033,0,0.0,0,0,0,fall,,29,116,-1.029,original,True,False
random,desktop,62034,0,0.0,0,0,0,fall,,29,116,-1.029,original,True,False
random,desktop,62035,1150,162.93685027152745,4,1,0,fall,,149,596,10.350999999999987,original,True,False
random,desktop,62036,480,0.0,5,0,0,fall,,140,557,3.6599999999999597,original,True,False
random,desktop,62037,480,0.0,1,0,0,fall,,46,181,3.7539999999999902,original,True,False
random,desktop,62038,1492,169.68828549262926,10,1,0,fall,,294,1176,13.626000000000086,original,True,False
random,desktop,62039,900,52.39751745539198,6,0,0,fall,,157,626,7.843000000000066,original,True,False
random,desktop,62040,0,0.0,2,0,0,fall,,76,304,-1.0759999999999998,original,True,False
random,desktop,62041,0,0.0,0,0,0,fall,,29,116,-1.029,original,True,False
random,desktop,62042,220,0.0,1,0,0,fall,,52,206,1.1480000000000037,original,True,False
random,desktop,62043,220,0.0,1,0,0,fall,,52,206,1.1480000000000037,original,True,False
random,desktop,62044,0,0.0,0,0,0,fall,,29,116,-1.029,original,True,False
random,desktop,62045,0,0.0,1,0,0,fall,,53,210,-1.053,original,True,False
random,desktop,62046,737,0.0,3,0,0,fall,,94,374,6.275999999999984,original,True,False
random,desktop,62047,320,0.0,3,0,0,fall,,99,394,2.1010000000000084,original,True,False
random,desktop,62048,0,0.0,0,0,0,fall,,29,116,-1.029,original,True,False
random,desktop,62049,900,52.39751745539198,4,0,0,fall,,111,443,7.88900000000004,original,True,False
random,desktop,62050,490,182.54150504266798,0,1,0,blackhole,,13,52,3.887,original,True,False
random,desktop,62051,0,0.0,0,0,0,fall,,29,116,-1.029,original,True,False
random,desktop,62052,296,0.0,5,0,0,fall,,146,583,1.8140000000000134,original,True,False
random,desktop,62053,351,0.0,6,0,0,fall,,170,677,2.340000000000016,original,True,False
random,desktop,62054,0,0.0,1,0,0,fall,,53,210,-1.053,original,True,False
random,desktop,62055,0,0.0,2,0,0,fall,,77,305,-1.077,original,True,False
random,desktop,62056,0,0.0,11,0,0,fall,,284,1135,-1.284,original,True,False
random,desktop,62057,2074,532.3415050426677,2,1,1,fall,,88,350,19.65199999999995,original,True,False
random,desktop,62058,0,0.0,4,0,0,fall,,124,493,-1.1239999999999999,original,True,False
random,desktop,62059,0,0.0,6,0,0,fall,,168,669,-1.168,original,True,False
random,desktop,62060,0,0.0,3,0,0,fall,,100,399,-1.0999999999999999,original,True,False
random,desktop,62061,0,0.0,2,0,0,fall,,77,305,-1.077,original,True,False
random,desktop,62062,0,0.0,0,0,0,fall,,29,116,-1.029,original,True,False
random,desktop,62063,0,0.0,0,0,0,fall,,29,116,-1.029,original,True,False
random,desktop,62064,270,0.0,3,0,0,fall,,99,394,1.6010000000000084,original,True,False
random,desktop,62065,690,0.0,6,0,0,fall,,163,652,5.736999999999972,original,True,False
random,desktop,62066,750,196.30752521334298,1,1,0,blackhole,,41,164,6.4590000000000005,original,True,False
random,desktop,62067,0,0.0,0,0,0,fall,,29,116,-1.029,original,True,False
random,desktop,62068,0,0.0,1,0,0,fall,,53,210,-1.053,original,True,False
random,desktop,62069,749,49.05880527540623,3,1,0,fall,,133,529,6.356999999999976,original,True,False
random,desktop,62070,296,0.0,3,0,0,fall,,99,394,1.8610000000000082,original,True,False
random,desktop,62071,1150,50.74460822342937,32,0,0,fall,,757,3028,9.743000000000192,original,True,False
random,desktop,62072,0,0.0,2,0,0,fall,,76,304,-1.0759999999999998,original,True,False
random,desktop,62073,985,52.39751745539198,2,3,0,fall,,192,767,8.65799999999997,original,True,False
random,desktop,62074,488,0.0,0,1,0,fall,,68,270,3.811999999999991,original,True,False
random,desktop,62075,0,0.0,1,0,0,fall,,53,210,-1.053,original,True,False
random,desktop,62076,0,0.0,0,0,0,fall,,29,116,-1.029,original,True,False
random,desktop,62077,4742,1108.5571761055076,13,3,2,fall,,413,1650,46.00700000000008,original,True,False
random,desktop,62078,0,0.0,9,0,0,fall,,237,948,-1.237,original,True,False
random,desktop,62079,0,0.0,1,0,0,fall,,53,210,-1.053,original,True,False
random,desktop,62080,0,0.0,1,0,0,fall,,53,210,-1.053,original,True,False
random,desktop,62081,714,0.0,5,1,0,fall,,182,728,5.957999999999961,original,True,False
random,desktop,62082,241,0.0,5,1,0,fall,,189,755,1.2210000000000165,original,True,False
random,desktop,62083,650,0.0,2,0,0,fall,,70,280,5.429999999999993,original,True,False
random,desktop,62084,1406,168.10116369278458,9,1,0,fall,,267,1066,12.79300000000009,original,True,False
random,desktop,62085,0,0.0,0,0,0,fall,,29,116,-1.029,original,True,False
random,desktop,62086,0,0.0,6,0,0,fall,,169,676,-1.169,original,True,False
random,desktop,62087,527,0.0,6,0,0,fall,,163,651,4.106999999999951,original,True,False
random,desktop,62088,480,0.0,2,0,0,fall,,69,274,3.7309999999999834,original,True,False
random,desktop,62089,0,0.0,0,0,0,fall,,29,116,-1.029,original,True,False
random,desktop,62090,1279,288.11388673390115,2,1,0,blackhole,,81,322,11.709000000000023,original,True,False
random,desktop,62091,0,0.0,5,0,0,fall,,146,581,-1.146,original,True,False
random,desktop,62092,1254,161.75267649340392,2,2,0,fall,,151,601,11.38900000000003,original,True,False
random,desktop,62093,270,0.0,3,0,0,fall,,99,394,1.6010000000000084,original,True,False
random,desktop,62094,0,0.0,0,0,0,fall,,29,116,-1.029,original,True,False
random,desktop,62095,1107,280.0549262994558,1,1,0,blackhole,,47,185,10.022999999999996,original,True,False
random,desktop,62096,230,0.0,7,0,0,fall,,190,760,1.1100000000000163,original,True,False
random,desktop,62097,0,0.0,2,0,0,fall,,76,304,-1.0759999999999998,original,True,False
random,desktop,62098,0,0.0,0,0,0,fall,,29,116,-1.029,original,True,False
random,desktop,62099,0,0.0,1,0,0,fall,,53,210,-1.053,original,True,False
rule,desktop,62000,43803,11630.31124903025,65,10,2,,,1500,6000,436.53000000000617,original,False,True
rule,desktop,62001,48521,11191.163692785094,70,7,8,,,1500,6000,483.7100000000042,original,False,True
rule,desktop,62002,759,169.0550814584938,0,1,0,blackhole,,31,121,6.559000000000001,original,True,False
rule,desktop,62003,1281,287.58758727695874,2,1,0,blackhole,,47,188,11.762999999999996,original,True,False
rule,desktop,62004,1260,168.1505042668738,3,0,0,blackhole,,52,208,11.548000000000009,original,True,False
rule,desktop,62005,40519,10270.114972847168,64,7,3,blackhole,,1366,5462,402.8240000000083,original,True,False
rule,desktop,62006,43655,11176.049030255997,68,8,1,,,1500,6000,435.05000000000587,original,False,True
rule,desktop,62007,13414,3093.8245151280003,26,1,1,blackhole,,517,2065,132.62299999999917,original,True,False
rule,desktop,62008,4506,1343.0071373157468,6,2,0,blackhole,,168,671,43.891999999999996,original,True,False
rule,desktop,62009,45576,11410.77858805275,68,8,3,,,1500,6000,454.2600000000069,original,False,True
rule,desktop,62010,42473,10228.060356865792,72,5,5,,,1500,6000,423.2300000000052,original,False,True
rule,desktop,62011,11039,2887.6549262994554,16,3,0,blackhole,,365,1458,109.02499999999979,original,True,False
rule,desktop,62012,16206,4143.191621411936,25,3,2,blackhole,,546,2181,160.51400000000004,original,True,False
rule,desktop,62013,47970,11420.325989138852,68,8,5,,,1500,6000,478.2000000000074,original,False,True
rule,desktop,62014,26888,6611.174243599689,50,3,4,blackhole,,1021,4083,266.8590000000006,original,True,False
rule,desktop,62015,36799,9436.201706749416,61,7,2,blackhole,,1323,5292,365.6670000000017,original,True,False
rule,desktop,62016,44592,10832.7208688906,71,6,4,,,1500,6000,444.42000000000695,original,False,True
rule,desktop,62017,19213,4375.807757951895,33,2,3,blackhole,,672,2688,190.45799999999934,original,True,False
rule,desktop,62018,26035,6491.737160589604,40,5,3,blackhole,,871,3484,258.4789999999995,original,True,False
rule,desktop,62019,44542,12298.876027928609,63,12,2,,,1500,6000,443.92000000000843,original,False,True
rule,desktop,62020,47384,13754.307835531401,59,15,1,,,1500,6000,472.34000000000725,original,False,True
rule,desktop,62021,7652,1463.9737781225783,13,1,0,blackhole,,250,1000,75.27,original,True,False
rule,desktop,62022,43977,11304.219394879752,68,8,5,,,1500,6000,438.27000000000623,original,False,True
rule,desktop,62023,42587,10120.325213343678,74,4,6,,,1500,6000,424.37000000000614,original,False,True
rule,desktop,62024,16004,4033.400620636146,23,4,1,blackhole,,519,2073,158.5210000000001,original,True,False
rule,desktop,62025,44483,11187.981225756395,68,8,5,,,1500,6000,443.3300000000063,original,False,True
rule,desktop,62026,42020,10826.117455391774,69,7,4,,,1500,6000,418.7000000000061,original,False,True
rule,desktop,62027,15117,3447.3990690457667,45,3,4,blackhole,,1000,4000,149.17000000000067,original,True,False
rule,desktop,62028,45585,11301.957951900693,71,7,5,,,1500,6000,454.3500000000058,original,False,True
rule,desktop,62029,1200,160.70007757951927,3,0,0,blackhole,,51,202,10.949000000000009,original,True,False
rule,desktop,62030,46336,11027.731264546162,72,6,5,,,1500,6000,461.8600000000064,original,False,True
rule,desktop,62031,39177,9424.935608999216,69,6,5,,,1500,6000,390.2700000000071,original,False,True
rule,desktop,62032,44669,10368.713886733904,72,5,5,,,1500,6000,445.1900000000067,original,False,True
rule,desktop,62033,11795,2624.817688130334,22,1,3,blackhole,,434,1733,116.51599999999908,original,True,False
rule,desktop,62034,21259,5544.990224980595,27,6,1,blackhole,,657,2627,210.93299999999962,original,True,False
rule,desktop,62035,12070,2986.368968192389,16,3,0,blackhole,,368,1471,119.33199999999948,original,True,False
rule,desktop,62036,6345,1479.4173778122604,14,1,1,blackhole,,268,1069,62.18200000000014,original,True,False
rule,desktop,62037,40372,10229.811947245924,74,4,3,,,1500,6000,402.22000000000406,original,False,True
rule,desktop,62038,19164,4029.741194724584,37,0,2,blackhole,,697,2787,189.94299999999853,original,True,False
rule,desktop,62039,20769,4390.609930178428,36,1,6,blackhole,,690,2757,205.99999999999986,original,True,False
rule,desktop,62040,6210,1472.904422032584,10,2,0,blackhole,,228,909,60.87199999999991,original,True,False
rule,desktop,62041,41467,9464.802792862687,77,2,7,,,1500,6000,413.17000000000803,original,False,True
rule,desktop,62042,44303,11054.325833979818,72,6,4,,,1500,6000,441.53000000000486,original,False,True
rule,desktop,62043,45403,10818.946625290919,71,6,10,,,1500,6000,452.5300000000071,original,False,True
rule,desktop,62044,39126,9526.124903025604,62,6,4,blackhole,,1329,5313,388.9310000000049,original,True,False
rule,desktop,62045,9196,2642.547401086112,14,3,1,blackhole,,328,1309,90.63199999999944,original,True,False
rule,desktop,62046,26519,5463.685182311869,42,2,6,blackhole,,837,3348,263.353,original,True,False
rule,desktop,62047,47957,10976.219705197822,70,7,2,,,1500,6000,478.07000000000824,original,False,True
rule,desktop,62048,50416,11884.094491854139,68,9,7,,,1500,6000,502.6600000000053,original,False,True
rule,desktop,62049,39147,9295.433048875098,69,3,5,blackhole,,1368,5471,389.1020000000074,original,True,False
rule,desktop,62050,39667,9643.843289371604,61,6,3,blackhole,,1300,5197,394.3700000000055,original,True,False
rule,desktop,62051,11027,2737.7664856477854,66,2,1,,,1500,6000,108.7699999999953,original,False,True
rule,desktop,62052,20798,5331.4606671838565,28,5,0,blackhole,,648,2591,206.33200000000033,original,True,False
rule,desktop,62053,48392,11785.544918541498,67,9,5,,,1500,6000,482.4200000000072,original,False,True
rule,desktop,62054,22886,6499.853685027152,30,7,0,blackhole,,750,3000,227.11000000000016,original,True,False
rule,desktop,62055,44101,11173.384639255235,68,8,2,,,1500,6000,439.51000000000766,original,False,True
rule,desktop,62056,11744,2737.8980605120228,27,0,3,blackhole,,515,2058,115.9249999999992,original,True,False
rule,desktop,62057,6336,1929.247168347553,7,3,0,blackhole,,201,803,62.159000000000006,original,True,False
rule,desktop,62058,671,161.68688906128673,0,1,0,blackhole,,29,113,5.681000000000001,original,True,False
rule,desktop,62059,42921,10709.33653995345,71,6,5,,,1500,6000,427.7100000000066,original,False,True
rule,desktop,62060,46245,10712.140729247476,73,5,5,,,1500,6000,460.9500000000049,original,False,True
rule,desktop,62061,42974,10246.546625290921,72,6,4,,spring,1500,6000,428.24000000000643,original,False,True
rule,desktop,62062,41774,10609.47121799844,58,9,7,blackhole,,1322,5288,415.4180000000045,original,True,False
rule,desktop,62063,44291,10223.15096974398,72,5,9,,,1500,6000,441.4100000000064,original,False,True
rule,desktop,62064,43668,11184.305352986814,70,7,3,,,1500,6000,435.18000000000455,original,False,True
rule,desktop,62065,28488,6600.368657874327,48,3,3,blackhole,,987,3948,282.89300000000003,original,True,False
rule,desktop,62066,6965,1477.6740108611336,13,1,2,blackhole,,270,1079,68.37999999999994,original,True,False
rule,desktop,62067,1250,167.23770364623763,3,0,0,blackhole,,52,207,11.44800000000001,original,True,False
rule,desktop,62068,1013,166.01241272304125,2,1,0,blackhole,,44,174,9.086,original,True,False
rule,desktop,62069,46216,12812.092009309528,61,13,5,,,1500,6000,460.66000000000645,original,False,True
rule,desktop,62070,44519,10005.287664856472,73,4,7,blackhole,,1485,5940,442.70500000000675,original,True,False
rule,desktop,62071,41958,11600.9947245927,67,9,1,,,1500,6000,418.0800000000069,original,False,True
rule,desktop,62072,43292,11605.418929402627,67,9,2,,,1500,6000,431.420000000003,original,False,True
rule,desktop,62073,44712,10909.363227307991,71,7,8,,,1500,6000,445.62000000000717,original,False,True
rule,desktop,62074,49769,11964.494957331251,66,10,7,,,1500,6000,496.1900000000083,original,False,True
rule,desktop,62075,45388,10589.792552366178,71,6,5,,,1500,6000,452.3800000000069,original,False,True
rule,desktop,62076,18155,4028.5734678044932,40,1,2,blackhole,,813,3251,179.73699999999982,original,True,False
rule,desktop,62077,42375,10100.465632273077,70,6,5,,,1500,6000,422.25000000000944,original,False,True
rule,desktop,62078,34539,9756.380915438314,39,12,3,blackhole,,1050,4200,343.3400000000026,original,True,False
rule,desktop,62079,42487,11441.41908456168,69,8,8,,,1500,6000,423.3700000000057,original,False,True
rule,desktop,62080,44894,10592.128006206358,68,6,4,blackhole,,1434,5735,446.5060000000049,original,True,False
rule,desktop,62081,45170,10834.398448409618,71,6,5,,,1500,6000,450.20000000000545,original,False,True
rule,desktop,62082,43716,11013.455391776572,72,6,3,,,1500,6000,435.66000000000616,original,False,True
rule,desktop,62083,44576,11422.052909231965,68,8,2,,,1500,6000,444.260000000009,original,False,True
rule,desktop,62084,24604,6514.030876648569,41,5,4,blackhole,,893,3569,244.14699999999948,original,True,False
rule,desktop,62085,46738,12096.859270752519,69,9,5,,jump,1500,6000,465.88000000000767,original,False,True
rule,desktop,62086,8552,1689.1806051202518,19,0,1,blackhole,,367,1465,84.15299999999986,original,True,False
rule,desktop,62087,43886,10627.061132660972,70,6,3,blackhole,,1464,5854,436.3960000000057,original,True,False
rule,desktop,62088,37499,9656.375795190066,49,9,4,blackhole,,1161,4641,372.8290000000037,original,True,False
rule,desktop,62089,45403,11596.126454615962,69,8,6,,,1500,6000,452.5300000000038,original,False,True
rule,desktop,62090,10919,2860.3695888285442,18,3,1,blackhole,,404,1615,107.78599999999905,original,True,False
rule,desktop,62091,43797,11173.359968968181,68,8,7,,,1500,6000,436.47000000000395,original,False,True
rule,desktop,62092,12907,2971.3612102404927,24,1,2,blackhole,,482,1925,127.58799999999903,original,True,False
rule,desktop,62093,44125,11191.500853374704,70,7,3,,,1500,6000,439.7500000000082,original,False,True
rule,desktop,62094,16943,4152.352521334361,28,4,1,blackhole,,636,2543,167.79399999999896,original,True,False
rule,desktop,62095,43489,10597.423894491852,73,5,3,,,1500,6000,433.39000000000794,original,False,True
rule,desktop,62096,44813,10616.17331264546,68,7,4,blackhole,,1450,5799,445.6800000000081,original,True,False
rule,desktop,62097,48015,12180.3106283941,65,11,7,,,1500,6000,478.6500000000076,original,False,True
rule,desktop,62098,43092,10997.189449185404,68,8,5,,,1500,6000,429.4200000000077,original,False,True
rule,desktop,62099,11380,2651.535608999225,19,2,4,blackhole,,410,1640,112.38999999999983,original,True,False
random,mobile,63000,0,0.0,2,0,0,fall,,73,289,-1.073,original,True,False
random,mobile,63001,0,0.0,0,0,0,fall,,27,107,-1.027,original,True,False
random,mobile,63002,2745,512.2862373933265,7,1,0,fall,,199,794,26.250999999999966,original,True,False
random,mobile,63003,1972,310.033979829324,2,1,1,fall,,93,369,18.62699999999996,original,True,False
random,mobile,63004,1250,43.2278355314192,3,0,0,fall,,84,333,11.416000000000027,original,True,False
random,mobile,63005,720,36.18904577191563,4,1,0,fall,,152,608,6.047999999999961,original,True,False
random,mobile,63006,410,0.0,5,0,0,fall,,140,560,2.959999999999978,original,True,False
random,mobile,63007,2071,318.50671838634497,3,1,0,blackhole,,89,353,19.621000000000006,original,True,False
random,mobile,63008,2104,310.033979829324,4,1,1,fall,,138,551,19.901999999999987,original,True,False
random,mobile,63009,0,0.0,0,0,0,fall,,27,107,-1.027,original,True,False
random,mobile,63010,0,0.0,6,0,0,fall,,167,666,-1.167,original,True,False
random,mobile,63011,450,0.0,3,0,0,fall,,93,371,3.4069999999999756,original,True,False
random,mobile,63012,0,0.0,2,0,0,fall,,74,295,-1.0739999999999998,original,True,False
random,mobile,63013,0,0.0,1,0,0,fall,,51,201,-1.051,original,True,False
random,mobile,63014,0,0.0,8,0,0,fall,,214,855,-1.214,original,True,False
random,mobile,63015,0,0.0,0,0,0,fall,,27,107,-1.027,original,True,False
random,mobile,63016,0,0.0,0,0,0,fall,,27,107,-1.027,original,True,False
random,mobile,63017,410,0.0,6,0,0,fall,,164,654,2.935999999999981,original,True,False
random,mobile,63018,0,0.0,1,0,0,fall,,51,201,-1.051,original,True,False
random,mobile,63019,0,0.0,3,0,0,fall,,96,384,-1.0959999999999999,original,True,False
random,mobile,63020,0,0.0,9,0,0,fall,,236,944,-1.236,original,True,False
random,mobile,63021,1699,133.16065166795903,10,0,0,fall,,241,962,15.748999999999933,original,True,False
random,mobile,63022,0,0.0,0,0,0,fall,,27,107,-1.027,original,True,False
random,mobile,63023,0,0.0,0,0,0,fall,,27,107,-1.027,original,True,False
random,mobile,63024,0,0.0,1,0,0,fall,,51,201,-1.051,original,True,False
random,mobile,63025,0,0.0,1,0,0,fall,,51,201,-1.051,original,True,False
random,mobile,63026,0,0.0,3,0,0,fall,,98,389,-1.0979999999999999,original,True,False
random,mobile,63027,0,0.0,3,0,0,fall,,98,389,-1.0979999999999999,original,True,False
random,mobile,63028,0,0.0,0,0,0,fall,,27,107,-1.027,original,True,False
random,mobile,63029,0,0.0,1,0,0,fall,,51,201,-1.051,original,True,False
random,mobile,63030,0,0.0,2,0,0,fall,,74,295,-1.0739999999999998,original,True,False
random,mobile,63031,0,0.0,0,0,0,fall,,27,107,-1.027,original,True,False
random,mobile,63032,0,0.0,1,0,0,fall,,51,201,-1.051,original,True,False
random,mobile,63033,0,0.0,9,3,0,fall,,366,1462,-1.366,original,True,False
random,mobile,63034,0,0.0,0,0,0,fall,,27,107,-1.027,original,True,False
random,mobile,63035,0,0.0,9,0,0,fall,,236,943,-1.236,original,True,False
random,mobile,63036,0,0.0,3,1,0,fall,,140,560,-1.14,original,True,False
random,mobile,63037,0,0.0,1,0,0,fall,,51,201,-1.051,original,True,False
random,mobile,63038,450,0.0,3,0,0,fall,,93,371,3.4069999999999756,original,True,False
random,mobile,63039,0,0.0,1,0,0,fall,,51,201,-1.051,original,True,False
random,mobile,63040,0,0.0,2,0,0,fall,,74,295,-1.0739999999999998,original,True,False
random,mobile,63041,0,0.0,0,0,0,fall,,27,107,-1.027,original,True,False
random,mobile,63042,0,0.0,5,0,0,fall,,143,572,-1.143,original,True,False
random,mobile,63043,0,0.0,1,0,0,fall,,51,201,-1.051,original,True,False
random,mobile,63044,0,0.0,1,0,0,fall,,51,201,-1.051,original,True,False
random,mobile,63045,0,0.0,0,0,0,fall,,27,107,-1.027,original,True,False
random,mobile,63046,0,0.0,0,0,0,fall,,27,107,-1.027,original,True,False
random,mobile,63047,0,0.0,1,0,0,fall,,51,201,-1.051,original,True,False
random,mobile,63048,0,0.0,0,0,0,fall,,27,107,-1.027,original,True,False
random,mobile,63049,0,0.0,0,0,0,fall,,27,107,-1.027,original,True,False
random,mobile,63050,410,0.0,1,0,0,fall,,46,183,3.053999999999992,original,True,False
random,mobile,63051,1914,503.8527851047309,7,2,0,blackhole,,228,909,17.91199999999989,original,True,False
random,mobile,63052,450,0.0,5,1,0,fall,,183,730,3.3169999999999757,original,True,False
random,mobile,63053,0,0.0,0,0,0,fall,,27,107,-1.027,original,True,False
random,mobile,63054,0,0.0,0,0,0,fall,,27,107,-1.027,original,True,False
random,mobile,63055,450,0.0,2,0,0,fall,,70,277,3.4299999999999913,original,True,False
random,mobile,63056,0,0.0,0,0,0,fall,,27,107,-1.027,original,True,False
random,mobile,63057,0,0.0,0,0,0,fall,,27,107,-1.027,original,True,False
random,mobile,63058,0,0.0,0,0,0,fall,,27,107,-1.027,original,True,False
random,mobile,63059,629,0.0,3,1,0,fall,,134,533,5.155999999999969,original,True,False
random,mobile,63060,2611,690.8423273855683,2,3,0,fall,,163,651,24.94699999999997,original,True,False
random,mobile,63061,0,0.0,0,0,0,fall,,27,107,-1.027,original,True,False
random,mobile,63062,0,0.0,0,0,0,fall,,27,107,-1.027,original,True,False
random,mobile,63063,0,0.0,3,0,0,fall,,98,389,-1.0979999999999999,original,True,False
random,mobile,63064,410,0.0,1,0,0,fall,,46,183,3.053999999999992,original,True,False
random,mobile,63065,0,0.0,2,0,0,fall,,74,295,-1.0739999999999998,original,True,False
random,mobile,63066,952,0.0,8,0,0,fall,,205,817,8.315000000000088,original,True,False
random,mobile,63067,0,0.0,1,0,0,fall,,51,201,-1.051,original,True,False
random,mobile,63068,0,0.0,3,0,0,fall,,96,384,-1.0959999999999999,original,True,False
random,mobile,63069,0,0.0,4,0,0,fall,,121,484,-1.121,original,True,False
random,mobile,63070,450,0.0,1,0,0,fall,,46,183,3.4539999999999913,original,True,False
random,mobile,63071,0,0.0,1,0,0,fall,,51,201,-1.051,original,True,False
random,mobile,63072,0,0.0,0,0,0,fall,,27,107,-1.027,original,True,False
random,mobile,63073,410,0.0,2,0,0,fall,,70,277,3.029999999999984,original,True,False
random,mobile,63074,1864,133.16065166795903,5,0,0,fall,,126,503,17.51399999999994,original,True,False
random,mobile,63075,0,0.0,0,0,0,fall,,27,107,-1.027,original,True,False
random,mobile,63076,0,0.0,4,0,0,fall,,120,478,-1.1199999999999999,original,True,False
random,mobile,63077,0,0.0,5,0,0,fall,,142,566,-1.142,original,True,False
random,mobile,63078,0,0.0,0,0,0,fall,,27,107,-1.027,original,True,False
random,mobile,63079,0,0.0,0,0,0,fall,,27,107,-1.027,original,True,False
random,mobile,63080,0,0.0,1,0,0,fall,,51,201,-1.051,original,True,False
random,mobile,63081,952,0.0,2,0,0,fall,,65,258,8.45500000000001,original,True,False
random,mobile,63082,0,0.0,3,0,0,fall,,96,383,-1.0959999999999999,original,True,False
random,mobile,63083,0,0.0,1,0,0,fall,,51,201,-1.051,original,True,False
random,mobile,63084,0,0.0,0,0,0,fall,,27,107,-1.027,original,True,False
random,mobile,63085,0,0.0,2,0,0,fall,,74,295,-1.0739999999999998,original,True,False
random,mobile,63086,0,0.0,0,0,0,fall,,27,107,-1.027,original,True,False
random,mobile,63087,0,0.0,4,0,0,fall,,120,478,-1.1199999999999999,original,True,False
random,mobile,63088,0,0.0,1,0,0,fall,,51,201,-1.051,original,True,False
random,mobile,63089,410,0.0,2,0,0,fall,,70,277,3.029999999999992,original,True,False
random,mobile,63090,410,0.0,1,0,0,fall,,46,183,3.053999999999992,original,True,False
random,mobile,63091,0,0.0,1,0,0,fall,,51,201,-1.051,original,True,False
random,mobile,63092,0,0.0,5,0,0,fall,,145,578,-1.145,original,True,False
random,mobile,63093,912,0.0,6,0,0,fall,,159,635,7.961000000000064,original,True,False
random,mobile,63094,1378,224.18038789759424,6,1,0,fall,,189,755,12.591000000000056,original,True,False
random,mobile,63095,450,0.0,3,0,0,fall,,93,371,3.4069999999999836,original,True,False
random,mobile,63096,0,0.0,1,0,0,fall,,51,201,-1.051,original,True,False
random,mobile,63097,0,0.0,0,0,0,fall,,27,107,-1.027,original,True,False
random,mobile,63098,0,0.0,1,0,0,fall,,51,201,-1.051,original,True,False
random,mobile,63099,0,0.0,2,0,0,fall,,73,289,-1.073,original,True,False
rule,mobile,63000,9517,1529.5190380139593,16,1,1,blackhole,,331,1324,93.83899999999991,original,True,False
rule,mobile,63001,43768,8882.055484871975,66,9,2,,,1500,6000,436.1800000000079,original,False,True
rule,mobile,63002,46252,9183.302591155923,69,8,1,,,1500,6000,461.0200000000088,original,False,True
rule,mobile,63003,5303,1248.190069821564,4,3,0,blackhole,,154,616,51.87599999999999,original,True,False
rule,mobile,63004,45734,9976.361396431334,63,12,1,,,1500,6000,455.8400000000071,original,False,True
rule,mobile,63005,1510,120.68726144297847,4,0,0,blackhole,,72,287,14.028000000000022,original,True,False
rule,mobile,63006,47269,8613.481458494936,71,6,0,,,1500,6000,471.19000000000636,original,False,True
rule,mobile,63007,14590,2456.4392552366153,22,2,1,blackhole,,468,1872,144.43199999999956,original,True,False
rule,mobile,63008,6617,1427.3092629945659,8,3,0,blackhole,,214,855,64.956,original,True,False
rule,mobile,63009,12448,2318.5379053529787,23,2,1,blackhole,,475,1897,123.00499999999963,original,True,False
rule,mobile,63010,16497,3296.0130023273787,27,3,0,blackhole,,592,2367,163.37799999999945,original,True,False
rule,mobile,63011,18698,3310.3393948797584,39,0,0,blackhole,,724,2896,185.25600000000094,original,True,False
rule,mobile,63012,43657,8511.075252133436,71,6,0,,,1500,6000,435.070000000006,original,False,True
rule,mobile,63013,27364,5431.575267649333,41,5,2,blackhole,,904,3615,271.7360000000007,original,True,False
rule,mobile,63014,32213,6555.162544608215,49,6,1,blackhole,,1087,4347,320.043000000004,original,True,False
rule,mobile,63015,1741,133.16065166795903,5,0,0,blackhole,,84,333,16.326,original,True,False
rule,mobile,63016,38727,7207.7860356865685,74,3,3,,,1500,6000,385.7700000000076,original,False,True
rule,mobile,63017,6085,1246.2323041117115,8,2,0,blackhole,,203,810,59.64699999999988,original,True,False
rule,mobile,63018,44719,8273.157610550797,73,5,0,,,1500,6000,445.6900000000075,original,False,True
rule,mobile,63019,26536,5162.745880527545,43,4,0,blackhole,,916,3661,263.44399999999905,original,True,False
rule,mobile,63020,28941,5440.460512024822,46,4,0,blackhole,,976,3904,287.4339999999995,original,True,False
rule,mobile,63021,15425,3395.269759503488,23,4,0,blackhole,,539,2153,152.71099999999922,original,True,False
rule,mobile,63022,13949,3109.324654771138,17,5,0,blackhole,,458,1832,138.03199999999958,original,True,False
rule,mobile,63023,43801,8792.960775795176,70,7,2,,,1500,6000,436.51000000000505,original,False,True
rule,mobile,63024,45193,9625.161799844831,66,10,1,,,1500,6000,450.430000000005,original,False,True
rule,mobile,63025,44687,8319.325523661744,72,5,1,blackhole,,1485,5939,444.38500000000494,original,True,False
rule,mobile,63026,24387,4445.8958882854995,39,3,0,blackhole,,805,3219,242.06499999999883,original,True,False
rule,mobile,63027,24306,5346.788952676488,36,6,0,blackhole,,835,3337,241.22500000000002,original,True,False
rule,mobile,63028,23111,4410.872179984493,43,2,1,blackhole,,867,3467,229.24300000000036,original,True,False
rule,mobile,63029,30198,6362.666377036451,49,6,2,blackhole,,1075,4299,299.9050000000011,original,True,False
rule,mobile,63030,20808,4247.919286268427,32,4,1,blackhole,,702,2807,206.37800000000013,original,True,False
rule,mobile,63031,43759,8425.535950349094,73,5,2,,,1500,6000,436.0900000000061,original,False,True
rule,mobile,63032,41765,8261.699115593472,73,5,1,,,1500,6000,416.1500000000044,original,False,True
rule,mobile,63033,759,120.83785880527489,1,1,0,blackhole,,47,186,6.543000000000001,original,True,False
rule,mobile,63034,25235,5099.999162141196,44,4,0,blackhole,,918,3672,250.43199999999993,original,True,False
rule,mobile,63035,19470,3580.0789138867394,66,3,2,,,1500,6000,193.19999999999504,original,False,True
rule,mobile,63036,45399,9749.051047323503,65,11,1,,,1500,6000,452.4900000000089,original,False,True
rule,mobile,63037,4890,1056.446889061285,11,1,0,blackhole,,236,942,47.66400000000008,original,True,False
rule,mobile,63038,3595,408.1645306439088,7,0,0,blackhole,,128,511,34.82199999999998,original,True,False
rule,mobile,63039,32452,6373.7909387121745,61,3,2,blackhole,,1218,4872,322.3020000000041,original,True,False
rule,mobile,63040,9719,1347.2176570985214,18,0,0,blackhole,,341,1362,95.84899999999973,original,True,False
rule,mobile,63041,45688,8062.026656322713,74,4,2,,,1500,6000,455.3800000000086,original,False,True
rule,mobile,63042,11810,2093.0412723041068,24,3,0,blackhole,,544,2175,116.55599999999887,original,True,False
rule,mobile,63043,43443,8982.654522885956,68,8,0,,,1500,6000,432.93000000000865,original,False,True
rule,mobile,63044,13905,2648.8241117145044,66,2,1,,,1500,6000,137.54999999999464,original,False,True
rule,mobile,63045,46352,8597.92409619859,71,6,4,,,1500,6000,462.02000000000913,original,False,True
rule,mobile,63046,41819,7312.896446858017,74,3,3,,,1500,6000,416.69000000000705,original,False,True
rule,mobile,63047,12142,2172.8578743211765,19,2,0,blackhole,,412,1646,120.00799999999981,original,True,False
rule,mobile,63048,12198,2278.681986035683,22,2,0,blackhole,,450,1797,120.52999999999993,original,True,False
rule,mobile,63049,1812,130.27311093871157,4,0,0,blackhole,,74,295,17.045999999999992,original,True,False
rule,mobile,63050,45049,8153.877951900681,74,4,4,,,1500,6000,448.99000000000706,original,False,True
rule,mobile,63051,19970,4323.047726920098,55,7,0,blackhole,,1378,5512,197.32199999999636,original,True,False
rule,mobile,63052,44198,8785.05114041891,68,8,1,,,1500,6000,440.4800000000083,original,False,True
rule,mobile,63053,8485,1247.7317300232694,16,0,0,blackhole,,301,1201,83.54899999999995,original,True,False
rule,mobile,63054,1629,122.25216446857968,4,0,0,blackhole,,72,288,15.218000000000007,original,True,False
rule,mobile,63055,8143,1245.243599689678,16,0,0,blackhole,,300,1199,80.13,original,True,False
rule,mobile,63056,45065,8520.130737005411,71,6,1,,,1500,6000,449.1500000000064,original,False,True
rule,mobile,63057,41310,9261.462622187737,63,11,1,blackhole,,1470,5877,410.6300000000071,original,True,False
rule,mobile,63058,43481,8608.616508921632,69,7,1,,,1500,6000,433.31000000000637,original,False,True
rule,mobile,63059,27334,5432.1842048099315,37,6,1,blackhole,,860,3438,271.47999999999945,original,True,False
rule,mobile,63060,40938,8411.654802172223,71,6,0,,,1500,6000,407.88000000000824,original,False,True
rule,mobile,63061,10361,2286.4475717610517,18,3,0,blackhole,,411,1641,102.19899999999991,original,True,False
rule,mobile,63062,41354,8799.704918541498,68,8,1,,,1500,6000,412.04000000000775,original,False,True
rule,mobile,63063,1666,123.71230411171388,5,0,0,blackhole,,96,383,15.564000000000004,original,True,False
rule,mobile,63064,43259,7807.962358417368,75,4,2,,,1500,6000,431.0900000000054,original,False,True
rule,mobile,63065,34272,7035.005027152816,64,8,1,,,1500,6000,341.22000000001196,original,False,True
rule,mobile,63066,9130,1346.5366951124854,18,0,0,blackhole,,329,1313,89.97099999999989,original,True,False
rule,mobile,63067,46542,8275.220139643128,73,5,2,,,1500,6000,463.9200000000051,original,False,True
rule,mobile,63068,23089,5149.814150504266,35,6,0,blackhole,,822,3288,229.06799999999996,original,True,False
rule,mobile,63069,27334,5348.373498836306,40,5,1,blackhole,,881,3524,271.45899999999983,original,True,False
rule,mobile,63070,39211,8597.83242823893,56,10,1,blackhole,,1325,5297,389.78500000000736,original,True,False
rule,mobile,63071,40589,7966.358044996111,68,7,1,,,1500,6000,404.39000000000544,original,False,True
rule,mobile,63072,39210,7581.706190845605,73,4,1,,,1500,6000,390.60000000000764,original,False,True
rule,mobile,63073,45562,8612.001675717602,72,6,1,,,1500,6000,454.1200000000066,original,False,True
rule,mobile,63074,15629,3405.4121644685733,22,5,0,blackhole,,529,2115,154.76099999999968,original,True,False
rule,mobile,63075,26646,5532.030256012409,39,7,1,blackhole,,920,3680,264.5400000000003,original,True,False
rule,mobile,63076,47157,8885.63053529867,70,7,1,,,1500,6000,470.07000000000784,original,False,True
rule,mobile,63077,33442,6743.939612102398,54,6,0,blackhole,,1176,4701,332.244000000003,original,True,False
rule,mobile,63078,1629,122.25216446857968,4,0,0,blackhole,,72,288,15.218000000000007,original,True,False
rule,mobile,63079,1751,248.5640651667954,4,1,0,blackhole,,94,373,16.415999999999993,original,True,False
rule,mobile,63080,44228,8493.21309542279,71,6,3,,,1500,6000,440.78000000000463,original,False,True
rule,mobile,63081,32729,7577.849588828537,40,11,0,blackhole,,1032,4126,325.25800000000254,original,True,False
rule,mobile,63082,28895,5448.599317300229,69,4,2,,,1500,6000,287.45000000001295,original,False,True
rule,mobile,63083,1654,122.25216446857968,5,0,0,blackhole,,96,382,15.444000000000003,original,True,False
rule,mobile,63084,17426,3397.522172226535,31,3,0,blackhole,,652,2605,172.60799999999904,original,True,False
rule,mobile,63085,43441,8518.5330954228,71,6,2,,,1500,6000,432.9100000000079,original,False,True
rule,mobile,63086,23769,4508.616415826221,39,4,0,blackhole,,826,3304,235.86399999999998,original,True,False
rule,mobile,63087,48543,10015.497067494174,63,12,2,,,1500,6000,483.93000000000734,original,False,True
rule,mobile,63088,11302,2199.415391776566,17,3,0,blackhole,,383,1532,111.63699999999989,original,True,False
rule,mobile,63089,42170,9068.003941039558,69,8,0,,,1500,6000,420.20000000000687,original,False,True
rule,mobile,63090,20163,3487.481179208693,32,2,1,blackhole,,654,2614,199.97599999999937,original,True,False
rule,mobile,63091,25245,5450.327913110939,64,6,0,,,1500,6000,250.9499999999968,original,False,True
rule,mobile,63092,17172,3400.560310318074,64,4,0,,,1500,6000,170.21999999999468,original,False,True
rule,mobile,63093,7677,1340.309821567102,13,1,0,blackhole,,270,1078,75.49999999999987,original,True,False
rule,mobile,63094,46663,10018.292940263756,63,12,0,,,1500,6000,465.1300000000076,original,False,True
rule,mobile,63095,27085,5430.638944918529,46,4,0,blackhole,,977,3908,268.87300000000016,original,True,False
rule,mobile,63096,36349,7508.522420480974,67,7,1,,,1500,6000,361.9900000000115,original,False,True
rule,mobile,63097,44511,8511.265135764137,71,6,0,,,1500,6000,443.6100000000087,original,False,True
rule,mobile,63098,43517,8051.419363847933,74,4,1,,,1500,6000,433.6700000000056,original,False,True
rule,mobile,63099,6011,1055.9034290147367,10,1,0,blackhole,,211,842,58.898999999999965,original,True,False
